"00000001","John Jackson","user_1","1972-01-01","","","","","","US","1010","2022-01-16 02:50:51","2022-01-16 02:50:51","0"
"00000002","Maple Wood","user_2","1975-01-01","","","","","","CA","1010","2022-01-16 02:50:51","2022-01-16 02:50:51","0"
"00000003","Hao Chen","user_3","1978-01-01","","","","","","AU","1010","2022-01-16 02:50:51","2022-01-16 02:50:51","0"
"00000004","Koala King","user_4","1982-01-01","","","","","","AU","1010","2022-01-16 02:50:51","2022-01-16 02:50:51","0"
"00000005","Sidney Park","user_5","1985-01-01","","","","","","CA","1010","2022-01-16 02:50:51","2022-01-16 02:50:51","0"
"00000006","Jack Smith","user_6","1985-01-01","","","","","","US","1010","2022-01-16 02:50:51","2022-01-16 02:50:51","0"
"00000007","Paul Tait","user_7","1985-01-01","","","","","","US","1010","2022-01-16 02:50:51","2022-01-16 02:50:51","0"
"00000008","Jennifer Olsen","user_8","1985-01-01","","","","","","US","1010","2022-01-16 02:50:51","2022-01-16 02:50:51","0"
"00000009","Michael Jordan","user_9","1985-01-01","","","","","","US","1010","2022-01-16 02:50:51","2022-01-16 02:50:51","0"
"00000010","Tom Cruise","user_10","1985-01-01","","","","","","US","1010","2022-01-16 02:50:51","2022-01-16 02:50:51","0"
"00000011","Oliver Sykes","user_11","1985-01-01","","","","","","CA","1010","2022-01-16 02:50:51","2022-01-16 02:50:51","0"
"00000012","Justin Bieber","user_12","1985-01-01","","","","","","CA","1010","2022-01-16 02:50:51","2022-01-16 02:50:51","0"
"00000013","Alicia Keys","user_13","1985-01-01","","","","","","AU","1010","2022-01-16 02:50:51","2022-01-16 02:50:51","0"
"00000014","Taylor Swift","user_14","1985-01-01","","","","","","AU","1010","2022-01-16 02:50:51","2022-01-16 02:50:51","0"
